<?xml version="1.0" encoding="UTF-8"?>
<!DOCTYPE mapper PUBLIC "-//mybatis.org//DTD Mapper 3.0//EN" "http://mybatis.org/dtd/mybatis-3-mapper.dtd">
<mapper
	namespace="com.stylefeng.guns.modular.system.dao.WayAccessoryRelUserChipFingerprintMapper">

	<!-- 通用查询映射结果 -->
	<resultMap id="BaseResultMap"
		type="com.stylefeng.guns.modular.system.model.WayAccessoryRelUserChipFingerprint">
		<id column="id" property="id" />
		<result column="chip_id" property="chipId" />
		<result column="user_id" property="userId" />
		<result column="chip_number" property="chipNumber" />
		<result column="fp_location" property="fpLocation" />
		<result column="status" property="status" />
		<result column="create_time" property="createTime" />
		<result column="update_time" property="updateTime" />
	</resultMap>
	<select id="selectWayAccessoryRelUserChipFingerprintByChipIdUserId"
		resultType="com.stylefeng.guns.modular.system.model.WayAccessoryRelUserChipFingerprint">
		SELECT * FROM way_accessory_rel_user_chip_fingerprint WHERE
		user_id = #{userId} and chip_id = #{chipId}
	</select>

	<select id="selectByUserIdAndChipIdAndLocation"
		resultType="com.stylefeng.guns.modular.system.model.WayAccessoryRelUserChipFingerprint">
		select * from way_accessory_rel_user_chip_fingerprint
		where
		chip_id = #{chipId} and user_id = #{userId} and fp_location =
		#{location}
	</select>

	<select id="selectAllAmount" resultType="Integer">
		select count(*) from
		way_accessory_rel_user_chip_fingerprint
		where
		status = 1
	</select>

	<select id="selectTpyeAllFingerprint" resultType="Map">
		select
		fp_location, count(*) count from
		way_accessory_rel_user_chip_fingerprint
		where
		status = 1 group by
		fp_location order by fp_location ASC
	</select>

	<select id="selectAllFingerprint" resultType="Integer">
		select id from
		way_accessory_rel_user_chip_fingerprint
		where
		status = 1 and
		user_id=#{userId}
	</select>
</mapper>
