<?xml version="1.0" encoding="UTF-8"?>
<!DOCTYPE mapper PUBLIC "-//mybatis.org//DTD Mapper 3.0//EN" "http://mybatis.org/dtd/mybatis-3-mapper.dtd">
<mapper
	namespace="com.stylefeng.guns.modular.system.dao.WayAccessoryLogFingerprintCaptureMapper">

	<!-- 通用查询映射结果 -->
	<resultMap id="BaseResultMap"
		type="com.stylefeng.guns.modular.system.model.WayAccessoryLogFingerprintCapture">
		<id column="id" property="id" />
		<result column="chip_id" property="chipId" />
		<result column="chip_number" property="chipNumber" />
		<result column="reg_succ_time" property="regSuccTime" />
		<result column="reg_fail_time" property="regFailTime" />
		<result column="create_time" property="createTime" />
		<result column="update_time" property="updateTime" />
	</resultMap>

	<select id="selectByChipId"
		resultType="com.stylefeng.guns.modular.system.model.WayAccessoryLogFingerprintCapture">
		select * from way_accessory_log_fingerprint_capture
		where
		chip_id = #{chipId}
	</select>

</mapper>
