<?xml version="1.0" encoding="UTF-8"?>
<!DOCTYPE mapper PUBLIC "-//mybatis.org//DTD Mapper 3.0//EN" "http://mybatis.org/dtd/mybatis-3-mapper.dtd">
<mapper namespace="com.stylefeng.guns.modular.system.dao.WayAccessoryStatisticalUserActionMapper">

	<!-- 通用查询映射结果 -->
	<resultMap id="BaseResultMap" type="com.stylefeng.guns.modular.system.model.WayAccessoryStatisticalUserAction">
		<id column="id" property="id" />
		<result column="check_type" property="checkType" />
		<result column="check_date" property="checkDate" />
		<result column="type" property="type" />
		<result column="count" property="count" />
		<result column="create_time" property="createTime" />
	</resultMap>

</mapper>
