<?xml version="1.0" encoding="UTF-8"?>
<!DOCTYPE mapper PUBLIC "-//mybatis.org//DTD Mapper 3.0//EN" "http://mybatis.org/dtd/mybatis-3-mapper.dtd">
<mapper
	namespace="com.stylefeng.guns.modular.system.dao.WayAccessoryLogMobileCheckMapper">

	<resultMap id="BaseResultMap"
		type="com.stylefeng.guns.modular.system.model.WayAccessoryLogMobileCheck">
		<id column="id" property="id" />
		<result column="phone_no" property="phoneNo" />
		<result column="iden_code" property="idenCode" />
		<result column="trans_code" property="transCode" />
		<result column="check_time" property="checkTime" />
	</resultMap>
	<select id="selectWayAccessoryLogMobileCheckByCodeAndPhone"
		resultType="com.stylefeng.guns.modular.system.model.WayAccessoryLogMobileCheck">
		SELECT * FROM way_accessory_log_mobile_check WHERE phone_no
		= #{phone} and iden_code=#{code} order by check_time desc
	</select>
	
	<select id="selectUserSendAmount"
		resultType="Integer">
		SELECT count(*) count FROM way_accessory_log_mobile_check WHERE phone_no
		= #{phone} 
	</select>
	
	<select id="selectAllUserSendAmount"
		resultType="Integer">
		SELECT count(*)  FROM way_accessory_log_mobile_check  
	</select>
</mapper>
