<?xml version="1.0" encoding="UTF-8"?>
<!DOCTYPE mapper PUBLIC "-//mybatis.org//DTD Mapper 3.0//EN" "http://mybatis.org/dtd/mybatis-3-mapper.dtd">
<mapper namespace="com.stylefeng.guns.modular.system.dao.WayAccessoryLogWindowsVersionMapper">

	<!-- 通用查询映射结果 -->
	<resultMap id="BaseResultMap" type="com.stylefeng.guns.modular.system.model.WayAccessoryLogWindowsVersion">
		<id column="id" property="id" />
		<result column="version" property="version" />
		<result column="create_time" property="createTime" />
	</resultMap>


<select id="selectTpyeAllVersion"
		resultType="Map">
		SELECT version,count(*)  count FROM way_accessory_log_windows_version group  by version order by version
	</select>
	
	<select id="selectAllAmount"
		resultType="Integer">
		SELECT count(*) FROM way_accessory_log_windows_version 
	</select>
</mapper>
