<?xml version="1.0" encoding="UTF-8"?>
<!DOCTYPE mapper PUBLIC "-//mybatis.org//DTD Mapper 3.0//EN" "http://mybatis.org/dtd/mybatis-3-mapper.dtd">
<mapper
	namespace="com.stylefeng.guns.modular.system.dao.WayAccessoryLogMailCheckMapper">

	<resultMap id="BaseResultMap"
		type="com.stylefeng.guns.modular.system.model.WayAccessoryLogMailCheck">
		<id column="id" property="id" />
		<result column="mail_address" property="mailAddress" />
		<result column="iden_code" property="idenCode" />
		<result column="trans_code" property="transCode" />
		<result column="check_time" property="checkTime" />
	</resultMap>

	<select id="selectUserSendAmount" resultType="Integer">
		SELECT count(*)
		count FROM way_accessory_log_mail_check WHERE mail_address
		= #{mail}
	</select>
	<select id="selectAllUserSendAmount" resultType="Integer">
		SELECT count(*)
		FROM way_accessory_log_mail_check
	</select>
</mapper>
